,Movie,Rating,Released,Director,Writer1,Writer2,Star1,Star2,MovieRating,RunTime,Synopsis,PopularityScore
0,Halloween,7.7,1978,John Carpenter,John Carpenter,Debra Hill,Donald Pleasence,Jamie Lee Curtis,R,1h 31m,"The year is 1963, the night: Halloween. Police are called to 43 Lampkin Ln. only to discover that 15-year-old Judith Myers has been stabbed to death by her 6-year-old brother, Michael. After being institutionalized for 15 years, Myers breaks out on the night before Halloween. No one knows, nor wants to find out, what will happen on October 31st 1978, besides Myers' psychiatrist, Dr. Loomis. He knows Michael is coming back to Haddonfield, but by the time the town realizes it, it'll be too late for many people",288
1,The Texas Chain Saw Massacre,7.4,1974,Tobe Hooper,Kim Henkel,Tobe Hooper,Marilyn Burns,Edwin Neal,R,1h 23m,"En route to visit their grandfather's grave (which has apparently been ritualistically desecrated), five teenagers drive past a slaughterhouse, pick up (and quickly drop) a sinister hitch-hiker, eat some delicious home-cured meat at a roadside gas station, before ending up at the old family home... where they're plunged into a never-ending nightmare as they meet a family of cannibals who more than make up in power tools what they lack in social skills",447
2,The Evil Dead,7.4,1981,Sam Raimi,Sam Raimi,,Bruce Campbell,Ellen Sandweiss,NC-17,1h 25m,"Five college students take time off to spend a peaceful vacation in a remote cabin. A book and audio tape are discovered, and its evil is found to be powerful once the incantations are read out loud. The friends find themselves helpless to stop the evil as it takes them one by one, with only one survivor left with the evil dead who desperately tries to fight to live until morning. â€”Miss Murder",652
3,Tremors,7.2,1990,Ron Underwood,S.S. Wilson,Brent Maddock,Kevin Bacon,Fred Ward,PG-13,1h 36m,"A small town gradually becomes aware of a strange creature which picks off people one by one. But what is this creature, and where is it? At the same time, a seismologist is working in the area, she detects _tremors_. The creature lives underground, and can 'pop up' without warning. Trapped in their town, the town-folk have no escape. â€”Rob Hartill",711
4,Friday the 13th,6.4,1980,Sean S. Cunningham,Victor Miller,Ron Kurz,Betsy Palmer,Adrienne King,R,1h 35m,"In 1957, a young boy named Jason drowns in a lake near Camp Crystal Lake. The next year, two counselors are murdered. In 1980, a descendant of the original owners reopens Camp Crystal Lake with some counselors' help. The counselors gets killed one by one by a mysterious person. Could it be Jason, out for revenge? â€”RedJames99",787
5,The Blair Witch Project,6.5,1999,Daniel Myrick,Daniel Myrick,Eduardo Sanchez,Heather Donahue,Michael C. Williams,R,1h 21m,"In search of a local legend, three bold amateur documentarians--director, Heather; cameraman, Josh; sound recorder, Mike--hike into Burkittsville's gloomy Black Hills Forest to find a shadow: the fabled Blair Witch. Now, one long year later--after that fateful October of 1994--there's still no sign of the student filmmakers, apart from the raw footage they left behind. Who knows what truly happened during their creepy five-day journey into the mouth of madness? Was there, indeed, an intangible supernatural presence in the dark woods that led to the team's disappearance? Either way, the missing trio must have seen something. Could the nightmarish myth be real? â€”Nick Riganas","1,400"
6,Sleepaway Camp,6.2,1983,Robert Hiltzik,Robert Hiltzik,,Felissa Rose,Jonathan Tiersten,R,1h 24m,"After a horrible boating accident kills her family, shy, sullen Angela moves in with her eccentric Aunt Martha and protective cousin Ricky. One summer, Martha sends the kids to Camp Arawak. Soon after their arrival, bizarre, increasingly violent accidents claim the lives of various campers. Who is the twisted individual behind these murders? The disclosure of the murderer's identity is one of the most shocking climaxes in the history of American cinema. â€”Drew","1,465"
7,Killer Klowns from Outer Space,6.2,1988,Stephen Chiodo,Charles Chiodo,Stephen Chiodo,Grant Cramer,Suzanne Snyder,PG-13,1h 28m,"When a small town is invaded by aliens from outer space who are capturing and killing the townspeople, no one takes them seriously. Why? The aliens all look like circus clowns, use weapons that look clown like, and all have painted on smiles. Only a few of the young people in the town realize the danger and of course no one believes them. Armed with an ice cream truck they try and rescue their friends. â€”John Vogel <jlvogel@comcast.net>","1,700"
8,Night of the Living Dead,7.8,1968,George A. Romero,John A. Russo,George A. Romero,Duane Jones,Judith O'Dea,R,1h 36m,"Barbra and Johnny visit their father's grave in a remote cemetery when they are suddenly set upon by zombies. Barbra manages to get away and takes refuge in what seems to be an abandoned farm house. She is soon joined by Ben who stopped at the house in need of gas. Beset by the walking dead all around them Ben does his best to secure the doors and windows. The news reports are grim however with creatures returning to life everywhere. Barbra and Ben are surprised when they realize there are 5 people hiding out in the basement: Harry, Helen and Karen Cooper; and a young couple, Tom and Judy. Dissensions sets in almost immediately with Harry Cooper wanting to be in charge. As their situation deteriorates, their chances of surviving the night lessen minute by minute. â€”garykmcd","1,935"
9,Friday the 13th Part 2,6.1,1981,Steve Miner,Ron Kurz,Victor Miller,Betsy Palmer,Amy Steel,R,1h 27m,"Months after Alice beheaded psycho killer/mother Pamela Voorhees at Camp Crystal Lake, survivor Alice is still traumatized because of the murders. But there is one problem: Mrs. Voorhees' son Jason never drowned and died, so he saw Alice behead Mrs. Voorhees. Jason finds Alice soon and murders her. Five years later, a camp counselor-in-training program begins at Packanack Lodge, right near Camp Crystal Lake. As teenagers in the program start snooping around Camp Crystal Lake, they start getting killed violently one by one.","2,461"
10,The Hills Have Eyes,6.3,1977,Wes Craven,Wes Craven,,Susan Lanier,Robert Houston,R,1h 30m,"A family going to California accidentally goes through an Air Testing range closed to the public. They crash and are stranded in a desert. They are being stalked by a group of people, which have not emerged into modern times. â€”Paul Popiel <marekp@interlog.com>","2,533"
11,The Last House on the Left,5.8,1972,Wes Craven,Wes Craven,Ulla Isaksson,Sandra Peabody,Lucy Grantham,R,1h 24m,"On the eve of her seventeenth birthday, Mari Collingwood tells her parents that she is going to the concert of underground band Bloodlust in New York with her friend Phyllis Stone. She borrows the family's car and heads with her friend to a dangerous neighborhood in the city. Meanwhile, the sadistic and cruel Krug Stillo and Fred 'Weasel' Podowski escape from prison and are back to a hideout with their partners Sadie (Jeramie Rain) and Krug's addicted son Junior Stillo (Marc Sheffler) after killing two guards and one shepherd dog in their runaway. The two girls seek marijuana near the theater, and meet Junior who offers some Colombian grass if they follow him to his apartment. They do, and are subdued by the criminals that rape Phyllis. On the next morning, they hide the girls in the trunk of their convertible and head to Canada. However, they have a problem with the car's rod and they stop on the road close to Mari's house. When Phyllis tries to escape, the gang stabs her to death and shoots Mari after humiliating and raping them. The gang seek shelter in Mari's home, but during the night, her mother overhears a conversation of the criminals telling that they have killed her daughter. She and her husband plot to overpower the criminals and revenge the death of their princess. â€”Claudio Carvalho, Rio de Janeiro, Brazil","2,884"
12,The Last Days on Mars,5.5,2013,Ruairi Robinson,Clive Dawson,Sydney J. Bounds,Liev Schreiber,Elias Koteas,R,1h 38m,"On the last day of the first manned mission to Mars, a crew member of Tantalus Base believes he's made an historic discovery; fossilised evidence of bacterial life. Unwilling to let the relief crew claim the glory, he disobeys orders to pack up, and goes out on an unauthorised expedition to collect further samples. But a routine excavation turns to disaster, when the porous ground collapses, and he falls into a deep crevice and near certain death. His devastated colleagues attempt to recover his body. However, when another vanishes, they begin to realise that the life-form they have discovered is highly dangerous to all human life. â€”AnonymousB","3,921"
13,The Burning,6.3,1981,Tony Maylam,Harvey Weinstein,Tony Maylam,Brian Matthews,Leah Ayres,R,1h 31m,"A janitor at a summer camp is accidently burned severely from a prank. Years later, he is released from an institute, and returns to the camp with a pair of hedge clippers to take revenge on the campers. â€”Humberto Amador","4,067"
14,The VelociPastor,5.1,2018,Brendan Steere,Brendan Steere,,Gregory James Cohan,George Schewnzer,Not Rated,1h 15m,"After losing his parents, a priest travels to China, where he inherits a mysterious ability that allows him to turn into a dinosaur. At first horrified by this new power, a hooker convinces him to use it to fight crime. And ninjas.","4,117"
15,Jeepers Creepers III,3.9,2017,Victor Salva,Victor Salva,,Stan Shaw,Gabrielle Haugh,Not Rated,1h 40m,"Set between the first and second film, Sgt Davis Tubbs assembles a task force to destroy the Creeper once and for all while growing closer than ever before to learning the secrets of its dark origins, as the monster terrorizes a local farming community. â€”kylehanna-11944","4,523"
16,Plan 9 from Outer Space,3.9,1957,Edward D. Wood Jr.,Edward D. Wood Jr.,,Gregory Walcott,Tom Keene,Approved,1h 19m,"In California, an old man (Bela Lugosi) grieves the loss of his wife (Vampira) and on the next day he also dies. However, the space soldier Eros and his mate Tanna use an electric device to resurrect them both and the strong Inspector Clay who was murdered by the couple. Their intention is not to conquer Earth but to stop mankind from developing the powerful bomb ""Solaranite"" that would threaten the universe. When the population of Hollywood and Washington DC sees flying saucers in the sky, a colonel, a police lieutenant, a commercial pilot, his wife and a policeman try to stop the aliens. â€”Claudio Carvalho, Rio de Janeiro, Brazil","4,864"
17,Murder Party,5.8,2007,Jeremy Saulnier,Jeremy Saulnier,,Chris Sharp,Kate Porterfield,Not Rated,1h 19m,"On Halloween Eve in Brooklyn, an average Joe loser named Chris finds an invitation to a costume party. Arriving at the ""party"", Chris discovers he's fallen prey to the lethal trap set by deranged artists. As the night wears on, rivalries within the group flare up. A body count accrues, and Chris must take advantage of the ensuing chaos if he's to survive the night. â€”Magnolia Home Ent",
18,The Sand,3.8,2015,Isaac Gabaeff,Alex Greenfield,Ben Powell,Brooke Butler,Cleo Berry,TV-14,1h 24m,"After an epic beach party in celebration of their college graduation, a large group of hung-over twenty-somethings wake up in a secluded private beach. But, under the bright light of an otherwise ordinary Spring-break morning, the unsuspecting teens realise that, somehow, the sand under their feet is alive, ready to devour those who touch it. Now, as the death toll keeps rising, an unseen carnivorous entity is waiting patiently for their slightest wrong move. Is there an escape from the killer beach? â€”Nick Riganas",
19,Carnival of Souls,7,1962,Herk Harvey,John Clifford,Herk Harvey,Candace Hilligoss,Frances Feist,PG,1h 18m,"Mary Henry is enjoying the day by riding around in a car with two friends. When challenged to a drag, the women accept, but are forced off of a bridge. It appears that all are drowned, until Mary, quite some time later, amazingly emerges from the river. After recovering, Mary accepts a job in a new town as a church organist, only to be dogged by a mysterious phantom figure that seems to reside in an old run-down pavilion. It is here that Mary must confront the personal demons of her spiritual insouciance. â€”Rick Gregory <rag.apa@email.apa.org>",
20,Happy Birthday to Me,6,1981,J. Lee Thompson,John C.W. Saxton,Peter Jobin,Melissa Sue Anderson,Glenn Ford,R,1h 50m,"Virginia Wainwright is a spirited young woman who has returned to a private school having survived a deadly accident and regenerative brain surgery. She is proud that she belongs to the Top Ten - the school's inner circle with the best students - and attempts to resume a normal life. But her friends are falling prey to a grueling series of murders, and soon there will be no one left to attend her 18th birthday party. Could it be her? Striving to rekindle the memory of her nightmarish accident, Virginia suffers from memory loss and traumatic blackouts. We soon learn the horrible truth behind her accident and what is going on before her birthday party... â€”Joseph Henson <gzr@cdc.net>",
21,Piranha,5.9,1978,Joe Dante,Richard Robinson,John Sayles,Bradford Dillman,Heather Menzies-Urich,R,1h 34m,"An insurance investigator and her local guide search the Lost River Lake area to find too missing teenagers. When stumbling on an abandoned military facility, they release by accident in the river some flesh-eating piranhas that were bred to use in the Vietnam war. The piranhas are heading straight to a nearby summer resort's lake and its guests.",
22,Saturday the 14th,4.6,1981,Howard R. Cohen,Jeff Begun,Howard R. Cohen,Richard Benjamin,Paula Prentiss,PG,1h 15m,"Primarily a spoof of the Friday the 13th series, but also takes shots at several other horror films. After his family moves to a new house, a young boy discovers a mysterious book describing the curse hanging over the date of Saturday the 14th. Opening the book releases a band of monsters into the house, and the family must join together to save themselves and their neighborhood. â€”Jean-Marc Rocher <tss.yh.nec.co.jp>",
23,Mirror Mirror,5.5,1990,Marina Sargenti,Annette Cascone,Gina Cascone,Karen Black,Yvonne De Carlo,R,1h 44m,"Shy teenager Megan moves to a new town with her widowed mother and quickly becomes the most unpopular girl in high school. But when she starts to communicate with a mysterious mirror, her tormentors begin to meet with a horrifying series of 'accidents'. Is the mirror a reflection of Megan's own inner demons... or has she unwittingly opened the doorway of the damned? â€”The Voyeur",
24,The Mean One,3.9,2022,Steven LaMorte,Flip Kobler,Finn Kobler,David Howard Thornton,Krystle Martin,16+,1h 33m,"The Mean One is a Christmas horror parody. In a sleepy mountain town, Cindy's parents are murdered and her Christmas is stolen by a bloodthirsty green figure in a red Santa suit, The Mean One. But when the ravenous, Christmas-hating creature begins to terrorize the town and threatens to ruin the holiday, she finds a new purpose: trapping and killing the monster.",
25,Return of the Living Dead III,5.9,1993,Brian Yuzna,John Penney,,J. Trevor Edmond,Melinda Clarke,,1h 37m,"The teenager Curt Reynolds steals the security key card from his father, Colonel John Reynolds, to snoop in the military base where his father works, with his girlfriend Julie Walker. They witness a top-secret experiment of reviving corpses for combat by Trioxin led by Colonel Reynolds, Colonel Peck and Colonel Sinclair. However, the greatest problem is to control the zombies from their hunger for human brains and their project fails with casualties of scientists. Curt and Julie flee from the base, Colonel Reynolds is removed from the project, being transferred to Oklahoma, and Colonel Sinclair assumes the command of the project. When Colonel Reynolds tells his son that he will be reassigned to Oklahoma City, Curt says no and decides to leave home with Julie. While riding his motorcycle, Julie plays with Curt and he loses control of his bike, throwing Julie to a pole and killing her. He uses his father's card to bring Julie inside the laboratory in the base and reanimates her using Trioxin and creating havoc in the base. They succeed to escape from the base, but when Julie's hunger increases, their problems begin. â€”Claudio Carvalho, Rio de Janeiro, Brazil",
26,Birdemic: Shock and Terror,1.7,2010,James Nguyen,James Nguyen,,Alan Bagh,Whitney Moore,Not Rated,1h 45m,"In the town of Half Moon Bay, California, an epidemic is on the horizon: a Birdemic. All the birds are attacking humanity for the devastating damage that they are inflicting on the earth: they're going after gas stations and people's cars, and the birds have something the humans will never see coming: Bird-Acid. â€”Johnny",
27,The Colony,5.3,2013,Jeff Renfroe,Jeff Renfroe,Svet Rouskov,Kevin Zegers,Laurence Fishburne,Not Rated,1h 35m,"Groups of people - colonies - are forced underground due to another ice age. Colony 7 goes to check on Colony 5, which they lost contact with. When they get there they find that the colony has fallen and there is a whole new enemy that they have to face on their way back. â€”James Medeiros",
28,Eaten Alive,5.5,1976,Tobe Hooper,Alvin L. Fast,Mardi Rustam,Neville Brand,Mel Ferrer,R,1h 31m,"Judd runs the Starlight Hotel out in some sort of swampy place and is unfortunately a few slices short of a loaf. He has a crocodile conveniently placed on the other side of the hotel's front porch railing. The croc will eat just about anything, as the hapless guests of the hotel find out soon enough. A reformed hooker, an unlucky family, and the father and sister of the hooker all suffer various rates of attrition as Judd tries to implement damage control. â€”Ed Sutton <esutton@mindspring.com>",
29,"Silent Night, Deadly Night",5.8,1984,Charles E. Sellier Jr.,Paul Caimi,Michael Hickey,Lilyan Chauvin,Gilmer McCormick,R,1h 19m,"After seeing his parents murdered in front of him a young boy spends most of his life in an orphanage where he is abused by the mother superior. When he becomes a teenager, he gets a job as a toy store Santa. When seeing two people having sex in the store brings on flashbacks of his parents, his turmoil leads him to become a Santa serial killer. â€”devint-16816",
30,Life After Beth,5.7,2014,Jeff Baena,Jeff Baena,,Aubrey Plaza,Dane DeHaan,R,1h 29m,"A hike alone in the woods ends tragically for Beth Slocum with a fatal snake bite. Her death leaves her parents and boyfriend Zach reeling. After the funeral, Zach tries to make friends with Mr. and Mrs. Slocum, but even they reject him, and he's determined to figure out why. Then he sees Beth. Her parents are trying to keep her resurrection a secret, but zombie Beth provides Zach with the opportunity to do everything with her that he didn't get to do while she was still alive. But with Beth's increasingly erratic behavior and even more strange occurrences around town, life with the undead Beth proves to be particularly complicated for her still-living loved ones. â€”Anne Campbell",
31,Siren,5.3,2016,Gregg Bishop,Ben Collins,Luke Piotrowski,Chase Williamson,Hannah Fierman,Not Rated,1h 22m,"Feeling excited about getting married, groom-to-be Jonah and his groomsmen depart for an epic bachelor party. However, as one thing leads to another, the four friends end up in a remote mansion which houses a private underground strip club for a select clientele with extreme tastes. And before long, Jonah sees first-hand the dark wonders of the secret nightclub as he finds enigmatic Lily singing a strange but entrancing song from the other side of the glass of his VIP room. Now, there is no turning back. But is beautiful Lily a victim or a predator? An angel or a demon? â€”Nick Riganas",
32,Attack of the 50 Foot Woman,5.1,1958,Nathan Juran,Mark Hanna,,Allison Hayes,William Hudson,Approved,1h 6m,"Nancy Archer is a rich socialite who is unhappily married to husband Harry, who left her once but came back to her when he needed money. It hasn't stopped him from continuing his affair with Honey Parker, and Nancy knows it. After a confrontation at a local bar, Nancy takes off in her car and has an encounter with a large sphere on the road. There have been rumors of UFOs in the area, but no one will believe her. After a second encounter, Nancy grows to an amazing size; more than enough to get her revenge. â€”garykmcd",
33,Cannibal Ferox,5.1,1981,Umberto Lenzi,Umberto Lenzi,,Giovanni Lombardo Radice,Lorraine De Selle,,1h 33m,"Anthropologists take a trip to the jungles of Colombia to study native cannibals. Instead, they find a band of drug dealers, using the natives to harvest coca leaves. After awhile, the natives are tired of being tortured slaves, and turn on their masters, as well as the anthropologists, thus filling the screen with gruesome splatter! â€”Humberto Amador",
34,Curse of the Demon,7.4,1957,Jacques Tourneur,Charles Bennett,Hal E. Chester,Dana Andrews,Peggy Cummins,Approved,1h 36m,"Dr. John Holden ventures to London to attend a paranormal psychology symposium with the intention to expose devil cult leader Julian Karswell. Holden is a skeptic and does not believe in Karswell's power. Nonetheless, he accepts an invitation to stay at Karswell's estate, along with Joanna Harrington, niece of Holden's confidant who was electrocuted in a bizarre automobile accident. Karswell secretly slips a parchment into Holden's papers that might possibly be a death curse. Recurring strange events finally strike fear into Holden, who believes that his only hope is to pass the parchment back to Karswell to break the demonic curse. â€”Rick Gregory <rag.apa@email.apa.org>",
35,Doom: Annihilation,3.8,2019,Tony Giglio,Tony Giglio,,Amy Manson,Dominic Mafham,R,1h 36m,"A group of UAC Marines respond to a distress call from a top secret scientific base on Phobos, a moon around Mars, only to discover it's been overrun by demons who seek to create Hell on Earth.",
36,The Devil Below,4.3,2021,Bradley Parker,Eric Scherbarth,Stefan Jaworski,Alicia Sanz,Adan Canto,,1h 28m,"There is an abandoned place nestled deep in Appalachian country where underground coal mines have been ablaze for decades. When a team of researchers try to find out how the fires started, they soon discover something more startling than the mystery that sent them there: they're not alone. â€”Vertical Entertainment",
37,Manos: The Hands of Fate,1.6,1966,Harold P. Warren,Harold P. Warren,,Tom Neyman,John Reynolds,Not Rated,1h 10m,"A family is driving across the country when they stumble across a mysterious house inhabited by the satyr-man Torgo. When the family decides to stay over at the house, mother Margaret is now the object of desire for Torgo and the owner of the house, The Master: a mysterious figure who dresses in a black robe decorated with red hands. â€”Johnny",
38,The Mutilator,5.2,1984,Buddy Cooper,Buddy Cooper,,Matt Mitler,Ruth Martinez,TV-MA,1h 26m,"On the day of his father's birthday, the boy Ed decides to clean his father's hunting rifle and accidentally shoots and kills his mother that was baking a cake in the kitchen. His father Ed Sr. is mentally affected by the incident. Years later, Ed is in a bar with college friends and they do not know what to do in the holidays, since they have not reserved any place to go. Out of the blue, Ed receives a phone call from his estranged father that asks him to close his fishing house in an island since it is off season. His friends invite themselves to go with him and spend a couple of days on the beach. Ed drives to the island with his girlfriend Pam and the couples Ralph and Sue, and Mike and Linda. They find the house open and an ax missing, but do not report to the police. Further, there is anyone in the island but them. Soon a killer starts to kill them one by one and hang them in a locker in the house garage. Who might be the serial-killer? â€”Claudio Carvalho, Rio de Janeiro, Brazil",
39,Madman,5.1,1981,Joe Giannone,Joe Giannone,Gary Sales,Gaylen Ross,Tony Nunziata,R,1h 28m,"At a summer camp for youths, cockey pre-teen calls out the name of mass serial killer ""Madman Marz"". Suddenly, counselors are being maimed and slaughtered in various ways by the backwoodsman who has returned when his name was called. â€”Humberto Amador",
40,Ben,5.3,1972,Phil Karlson,Stephen Gilbert,Gilbert Ralston,Lee Montgomery,Joseph Campanella,PG,1h 34m,"A lonely boy named Danny Garrison befriends Ben, the rat leader of the swarm of rats that had been trained by Willard Stiles. Ben becomes the boy's best friend, protecting him from bullying and keeping his spirits up in the face of a heart condition. However, things gradually take a downward turn as Ben's swarm becomes violent, resulting in several deaths. â€”Johnny P",
41,The Raven,6.5,1963,Roger Corman,Edgar Allan Poe,Richard Matheson,Vincent Price,Peter Lorre,G,1h 26m,"In this tongue-in-cheek movie inspired by Poe's poem, Dr. Craven is the son of a great sorcerer (now dead) who was once himself quite skilled at that profession, but has since abandoned it. One evening, a cowardly fool of a magician named Bedlo comes to Craven for help - the evil Scarabus has turned him into a raven and he needs someone to change him back. He also tells the reluctant wizard that Craven's long-lost wife Lenore, whom he loved greatly and thought dead, is living with the despised Scarabus.",
42,The Island of Dr. Moreau,5.9,1977,Don Taylor,H.G. Wells,Al Ramrus,Burt Lancaster,Michael York,PG,1h 39m,"A ship-wrecked man floats ashore on an island in the Pacific Ocean. The island is inhabited by a scientist, Dr. Moreau, who in an experiment has turned beasts into human beings. â€”Mattias Thuresson",
43,Absurd,5.3,1981,Joe D'Amato,George Eastman,,George Eastman,Annie Belle,Not Rated,1h 30m,"A priest-doctor chasing a man with supernatural regenerative abilities, who has recently escaped from a medical lab, reaches a small town where the mutant goes on a killing spree.",
44,The Hills Have Eyes Part II,3.8,1984,Wes Craven,Wes Craven,,Robert Houston,David Nichols,R,1h 26m,"A group of bikers, which includes some of the survivors from the original film, embark on a journey by bus to a biker race near the desert of the infamous incidents. However, because of a mistake they are late and decide to take a shortcut through the desert. Halfway through the desert the bus breaks down. While trying to repair the bus, some of the group wander off, and wind up in the traps of the survivors of the mutant family of the first. Then the mutants go after the rest... â€”Parca Mortem <icy_shadow@rocketmail.com>",
45,Dark Ride,4.6,2006,Craig Singer,Robert Dean Klein,Craig Singer,Jamie-Lynn Sigler,Patrick Renna,R,1h 34m,"Ten years after he brutally murdered two girls, a killer escapes from a mental institution and returns to his turf, the theme park attraction called Dark Ride. About to crash his path are a group of college kids on a road trip who stumble across the park. â€”Anonymous",
46,The Final Terror,5.2,1983,Andrew Davis,Jon George,Neill D. Hicks,John Friedrich,Adrian Zmed,R,1h 24m,A group of rangers go camping on unfamiliar forest grounds. All's well until the group members start getting killed by a cunning killer in the woods.,
47,Bates Motel,3.8,1987,Richard Rothstein,Richard Rothstein,,Bud Cort,Lori Petty,TV-PG,1h 30m,"This film is based on, but not in sequence with, the Psycho films. After the death of Norman Bates, a man who befriended him in the institution inherits the motel. In keeping with Norman's wishes, he tries to fix up the place and make it a respectable motel. â€”Jon Acello <JonAcello@AOL.COM>",
48,The Wasp Woman,4.8,1959,Roger Corman,Leo Gordon,Kinta Zertuche,Susan Cabot,Anthony Eisley,Approved,1h 3m,"Janice Starlin, the owner of a cosmetics firm, sees that her fading beauty is not only causing waves in her personal life but causing some prestige problems for her also-fading business. She becomes an easy mark for a pseudo-scientist, Eric Zinthrop, who claims to have developed a serum from the enzymes of wasps that will turn aging skin to youthful-looking skin. The second-best thing to a time machine. She, without any hesitation, agrees to be the first human to try the Zinthro injections. But, as her beauty returns, her secretary, Mary Dennison, and her advertising executive, Bill Lane, notices she is also having a personality change and it isn't for the better, albeit she was no Miss Congegeniality to begin with. Then, Zinthrop gets hit by an automobile, for plot-development purposes, and is somewhat incapacitated and not in any shape to be whipping up any new batches of Zinthrop's Wasp Enzyme Injection Serum and, without her enzyme injections, Janice turns into a wasp-like woman and meaner that a yellow-jacket hornet. Several people don't live to regret coming into contact with her, and this is not good for the business, either. â€”Les Adams <longhorn1939@suddenlink.net>",
49,Hell of the Living Dead,4.9,1980,Bruno Mattei,Claudio Fragasso,José María Cunillés,Margie Newton,Franco Garofalo,Unrated,1h 39m,"In New Guinea, a top-secret experiment of the Hope Center Chemical Factory goes awry and chemicals are accidentally released, turning scientists and workers into zombies. The famous French journalist Lia Rousseau and her cameraman Pierre are assigned to make a reportage and disclose to the world what is happening in New Guinea. Meanwhile, four soldiers are assigned to a secret mission also in New Guinea. When their Jeep stumbles upon the Land Rover where Lia and Pierre are traveling, they have to defend themselves against a zombie attack. Then they decide to travel together, learning that the island and the residents are infected with a chemical that turns most of them into zombies. â€”Claudio Carvalho, Rio de Janeiro, Brazil",
50,Shrooms,4.6,2007,Paddy Breathnach,Pearse Elliott,,Lindsey Haun,Jack Huston,Not Rated,1h 24m,"3 couples go to Ireland woods to collect magic mushrooms and trip out. On their way they meet some strange inhabitants of the woods and it doesn't take long until a creepy story is being told at the campfire which might be more than just a story. So strange things happen, people start disappearing, silhouettes move through the woods and the creepy story starts to melt into reality. The horror kicks in along with the effect of the mushrooms. â€”Anonymous",
51,Camp Pleasant Lake,3.4,2024,Thomas Walton,Thomas Walton,,Bonnie Aarons,Jonathan Lipnicki,,1h 30m,"A couple breathes life into a new camp on an old campsite, connecting them to a chilling past that unravels a 20-year-old mystery involving a missing young girl. As eerie events unfold, they must confront forces tied to a brutal crime.",
52,The Brain That Wouldn't Die,4.5,1962,Joseph Green,Doris Brent,Joseph Green,Jason Evers,Virginia Leith,Approved,1h 22m,"Dr. Bill Cortner has been performing experimental surgery on human guinea pigs without authorization and against the advice of his father, also a surgeon. When Bill's fiancÃ©e Jan Compton is decapitated in an automobile accident, he manages to keep her brain alive. He now needs to find a new body for his bride-to-be and settles on Doris Powell, a glamor model with a facial disfigurement. Jan meanwhile doesn't want to continue her body-less existence and calls upon the creature hidden in the basement, one of Bill Cortner's unsuccessful experiments, to break loose. â€”garykmcd",
53,2-Headed Shark Attack,2.5,2012,Christopher Ray,Edward DeRuiter,H. Perry Horton,Carmen Electra,Charlie O'Connell,R,1h 28m,"Terror takes a ghastly form when a gigantic two-headed shark sinks a ship full of students, and the survivors wash up on a tiny atoll. But just when the kids think they're safe, a tsunami sweeps them back into the deep to face the twin jaws anew. â€”Anonymous",
54,Creepozoids,4,1987,David DeCoteau,Dave Eisenstark,David DeCoteau,Richard L. Hawkins,Linnea Quigley,R,1h 12m,"The year is 1998, six years after the nuke wars reduced the world to rubble and a few bands of wandering survivors. One of these groups stumbles into an abandoned government research facility, where they were working on making the body capable of creating its own amino acids, thus obviating the need for food. They are then attacked by one of the leftover experiments and begin experiencing an attrition problem.",
55,Nightbeast,4.2,1982,Don Dohler,Don Dohler,,Tom Griffith,Jamie Zemarel,R,1h 21m,"Baltimore filmaker Don Dohler does an update on his 1979 film ""The Alien Factor"" this time only a single alien(reptilian looking)crash landing near a small town and going on a rampage. â€”Humberto Amador",
56,Satanic Hispanics,5.8,2022,Directors,Pete Barnstrom,Alejandro Mendez,Efren Ramirez,Greg Grunberg,R,1h 52m,"When police raid a house in El Paso, they find it full of dead Latinos, and only one survivor. Known as ""The Traveler,"" he is taken to the police station for questioning. There, he recounts tales of horrors from his life, chronicling portals leading to other worlds, mythical beings, demons and the undead; he speaks of legends from Latin America. Satanic Hispanics tells stories by top Latin filmmakers that showcase the skills of Hispanic talent, both on and off screen. â€”Epic Pictures",
57,Monster Mash,3.6,2024,Jose Prendes,Jose Prendes,,Michael Madsen,Ethan Daniel Corbett,,1h 25m,"Dracula, the Werewolf, the Mummy and the Invisible Man must work together to stop Dr. Frankenstein from creating an unstoppable monster.",
58,Nightmare City,5.6,1980,Umberto Lenzi,Antonio Cesare Corti,Luis MarÃ­a Delgado,Hugo Stiglitz,Laura Trotter,R,1h 28m,"In a nameless European city, a local reporter and his doctor wife try to escape from hordes of blood thirsty zombies, undead people exposed to nuclear radioactivity, while the military leaders fight a losing war of attrition against the relentless atomic zombies. â€”Anonymous",
59,Two Thousand Maniacs!,5.8,1964,Herschell Gordon Lewis,Herschell Gordon Lewis,,Connie Mason,William Kerwin,Not Rated,1h 23m,"The citizens of the southern town Pleasant Valley lure six Yankee tourists into town where they are to be the reluctant guests for the centennial celebration of the day a band of renegade Union troops decimated the town. The town then participates in events, a different event for each of the tourists, in which the tourist is dispatched. One couple begins to suspect something and seeks a way to escape. â€”Ed Sutton <esutton@mindspring.com>",
60,Cannibals in the Streets,5.5,1980,Antonio Margheriti,Dardano Sacchetti,Antonio Margheriti,John Saxon,Elizabeth Turner,R,1h 36m,"In the Vietnam War, Captain Norman Hopper and his platoon attack a Vietnamese base and rescue two American soldiers in a cage. Charlie Bukowski and Tom Thompson are eating human flesh, and when Norman gives his hand to take them out of the cage, Bukowski bites him. In the present days (1980), Norman has sequels from the bite such as nightmares, and his wife, the television anchor Jane Hopper, is worried about his health and mental conditions. Out of the blue, he receives a phone call from Bukowski that is interned in a mental institution with Tom, inviting him to drink with him in a bar since he is better and has obtained his first release from the hospital since the war. Norman refuses and stays home, but his teenage next door neighbor Mary hits on him and he feels desire to bite her belly. Meanwhile, Bukowski bites a woman in the movie theater and a police officer, in the beginning of a cannibalism spree in Atlanta. â€”Claudio Carvalho, Rio de Janeiro, Brazil",
61,Night of the Demon,4.7,1980,James C. Wasson,Mike Williams,Jim L. Ball,Michael Cutt,Joy Allen,Not Rated,1h 36m,"Professor Nugent and his students embark on a journey to locate Bigfoot believed to be responsible for countless deaths. They disturb a Black Magic ritual and eventually uncover the truth about Bigfoot, and his offspring, but who will believe them? â€”Mark J. Popp <poppmj@cadvision.com>",
62,Cocaine Shark,1.8,2023,Mark Polonia,Bando Glutz,,Titus Himmelberger,Ken Van Sant,Unrated,1h 16m,"A mafia drug lord has unleashed a new, highly addictive stimulant on the streets called HT25, derived from sharks held captive in a secret lab, which causes monstrous side effects. After an explosion and leak at the lab, an army of mutated, bloodthirsty sharks and other creatures are set loose on the world as a small band of people try to stop the carnage. â€”Rob Hauschild",
63,White Dog,7,1982,Samuel Fuller,Romain Gary,Samuel Fuller,Kristy McNichol,Christa Lang,PG,1h 30m,"Deprogramming a dog who kills Blacks is the ultimate challenge for an unorthodox African-American trainer. When a young Hollywood actress finds the injured stray, she nurses it back to health, not knowing it's a ""White Dog"" trained by a racist to attack only Blacks. Julie's appalled when the otherwise gentle, white German Shepherd breaks out, then returns from his nighttime foray dotted with human blood. Julie desperately races from trainer to trainer, advised to kill her pet, until the top Hollywood canine expert refers her to his former protÃ©gÃ©, Keys. â€”David Stevens",
64,Blood Feast,5,1963,Herschell Gordon Lewis,Louise Downe,David F. Friedman,William Kerwin,Mal Arnold,Not Rated,1h 7m,"An Egyptian caterer busies himself collecting body parts from young maidens to bring Ishtar, an ancient goddess of good and evil, back to life. When he has prepared enough parts for the ceremony, he hypnotizes a woman giving an engagement party for her daughter, at which he plans to perform the ancient rites of summons, using the daughter as his final sacrifice. â€”Ed Sutton <esutton@mindspring.com>",
65,Warlock: The Armageddon,5.4,1993,Anthony Hickox,Kevin Rock,Sam Bernard,Julian Sands,Chris Young,R,1h 38m,"Every six hundred years, a great evil has the opportunity to escape and unleash Armageddon. A group of five stones has the power to either free the evil, or banish it for another six hundred years. An order of Druids battles with a Warlock determined to unleash his father upon the world. â€”Murray Chapman <muzzle@cs.uq.oz.au>",
66,The Illustrated Man,5.8,1969,Jack Smight,Ray Bradbury,Howard B. Kreitsek,Rod Steiger,Claire Bloom,M/PG,1h 43m,"The Illustrated Man is classic Bradbury, a collection of eighteen startling visions of humankind's destiny, unfolding across a canvas of decorated skin, visions as keen as the tattooist's needle and as colorful as the inks that indelibly stain the body. The images, ideas, sounds and scents that abound in this phantasmagoric sideshow are provocative and powerful: the mournful cries of celestial travelers cast out cruelly into a vast space of stars and blackness, the sight of gray dust settling over a forgotten outpost on a road that leads nowhere, the pungent odor of Jupiter on a returning father's clothing. Here living cities take their vengeance, technology awakens the most primal natural instincts, Martian invasions are foiled by the good life and the glad hand, and dreams are carried aloft in junkyard rockets. â€”Stig Ohara",
67,Final Exam,4.6,1981,Jimmy Huston,Jimmy Huston,,Cecile Bagdadi,Joel S. Rice,R,1h 29m,"In a small college in North Carolina, only a select few students are left to take mid terms. But, when a killer strikes, it could be everyone's final exam. â€”Greg Duryea <gduryea@atlantic.net>",
68,The Maze,3.8,2010,Stephen Shimek,Katy Baldwin,Timothy Gutierrez,Seven Castle,Brandon Sean Pearson,R,1h 26m,"Five friends break into a closed corn maze in the middle of the night and decide to play a harmless game of tag. Little do they know that a psychopathic killer has decided to play along. As they wander aimlessly through the maze the murderer follows closely behind, taunting them and watching their every move. The game turns deadly when the kids decide to separate and weaken their chances of survival. When the mutilated body of the maze owner is found they realize that something is terribly wrong. As they race to find the entrance of the maze, the murderer cleverly forces them to follow the path that he wants. Manipulating everyone to his vicious will, the killer taunts his victims and leads them further into the depths of the maze. After succumbing to hours of torture will anyone make it out of the maze...alive? â€”Ground Glass Entertainment",
69,Blood Rage,5.8,1987,John Grissmer,Bruce Rubin,,Louise Lasser,Mark Soper,R,1h 22m,"Twins Todd and Terry seem like sweet boys that is, until one of them takes an axe to face of a fellow patron at the local drive-in. Todd is blamed for the bloody crime and institutionalized, whilst twin brother Terry goes free. Ten years later and, as the family gathers around the table for a Thanksgiving meal, the news comes in that Todd has escaped. But has the real killer in fact been in their midst all along? One thing's for sure, there will be blood and rage! â€”Anonymous",
70,Midnight,4.9,1982,John A. Russo,John A. Russo,,Melanie Verlin,Lawrence Tierney,R,1h 34m,"A teenage girl runs away from home because police officer/stepfather puts the moves on her. Hitchhiking to California, she's picked up by two guys who are also traveling cross-country. Along the way, they decide to camp out in the woods and run across a family of Satanists who keep their dead mother in the attic. â€”Humberto Amador",
71,The Haunting of Molly Hartley,3.9,2008,Mickey Liddell,John Travis,Rebecca Sonnenshine,Haley Bennett,Chace Crawford,PG-13,1h 25m,"Molly Hartley looks to put her troubled past behind her with a fresh start at a new school, where she sparks with one of the most popular students. But can her secrets stay buried, especially as she learns more about the horrific truth that awaits her once she turns 18? â€”IMDb Editors",
72,Contamination,5.1,1980,Luigi Cozzi,Luigi Cozzi,Erich Tomek,Ian McCulloch,Louise Marleau,R,1h 35m,"A ship pulls into New York Harbor with no one on board. The police find a cargo full of green pulsating eggs. Upon contact, the eggs explode spreading a green acid like substance that seeps into the skin and explodes. It is later discovered that the eggs are being manufactured in South America by a one-eyed Martian that grew from a tiny seed a former astronaut brought back from a expedition to Mars. â€”Humberto Amador",
73,The House in Nightmare Park,5.7,1973,Peter Sykes,Clive Exton,Terry Nation,Frankie Howerd,Ray Milland,PG,1h 35m,"In 1907, an actor is invited to perform in an isolated country house, and becomes involved in mysterious and dangerous events.",
74,Shark Attack 3: Megalodon,2.9,2002,David Worth,Scott Devine,William Hooke,John Barrowman,Jenny McShane,R,1h 39m,"24 million years ago, the gigantic Megalodon, a 20-tonne killing machine with a 10-foot gaping bite, ruled the prehistoric oceans; but, thankfully, it became extinct. However, when the marine biologist, Cat Stone, discovers a massive shark tooth off the Mexican coast, her worst fears surface--the most menacing creature to ever rule the waters is still alive and mercilessly feeding on anything that crosses its path. Now, as the massive beast terrorises the workers during the maintenance on an underwater cable, they must hunt the fierce oceanic killer and destroy it, before there is no one left to stop it. Is there an escape from the jaws of terror? â€”Nick Riganas",
75,Spiders,3.4,2013,Tibor TakÃ¡cs,Joseph Farruggia,Tibor TakÃ¡cs,William Hope,Shelly Varod,PG-13,1h 29m,"When a meteor shower hits an old Soviet space station in the orbit of Earth, parts and debris crash into the New York subway tunnel near the Noble Street Station. The traffic controller Jason sends his colleague Jimmy to inspect the damage but soon he is found dead. The doctor finds a bite on his leg and eggs inside his body, and Jason takes one of them to ask his wife Rachel to test in the laboratory where she works. When he goes with the subway security team to the location where Jimmy was found, they discover a nest of strong and carnivorous spiders. Meanwhile Col. Jenkins and the Russian scientist Dr. Darnoff discuss the special breed of spiders genetically developed in the space with zero gravity that would build a powerful nest that would be used in military purpose. Further, they need the queen's egg that Jason gave to his wife. Then and he lies to the population telling that there is a deadly virus in the neighborhood where Jimmy was found and they hunt Jason and his family. When they recover the egg, Col. Jenkins put it in the nest to raise the queen and decides to execute everyone that is aware of the spiders. Will he succeed in his plan? â€”Claudio Carvalho, Rio de Janeiro, Brazil",
76,6-Headed Shark Attack,2.8,2018,Mark Atkins,Koichi Petetsky,Mark Atkins,Brandon Auret,Thandi Sebe,TV-14,1h 26m,"Hungry for the succulent human flesh, and with one head more than the already horrific underwater killer in the 5 Headed Shark Attack (2017), a monstrous, starfish-shaped, six-headed great white shark is now patrolling the waters of remote Isla Corazon, off the coast of Mexico. There, William's supposedly serene couples retreat is under attack, as the evolved aquatic predator spreads terror in unexpected places, devouring the utterly unprepared visitors one by one. But, who's behind the mutated eating machine? Will the nightmare ever cease? â€”Nick Riganas",
77,Mosquito,4.9,1994,Gary Jones,Tom Chaney,Steve Hodge,Gunnar Hansen,Ron Asheton,R,1h 32m,"An alien pod crash lands in the swamps, after which the local mosquitoes begin feeding on the alien corpses. This causes the mosquitoes to grow to massive sizes and develop an unquenchable hunger for blood. A mass swarm of these mutant insects attacks a Michigan national park in a brutal onslaught that kills the entire tourist population. The few unrelated survivors - two lovers, a meteorologist, a punk rock musician, and a gang of dangerous bank robbers on the run from police - must settle their differences and band together before nightfall, when the nocturnal mosquito swarm will return for more blood. â€”Tyler Wright",
78,Carnosaur,3.6,1993,Adam Simon,John Brosnan,Adam Simon,Diane Ladd,Raphael Sbarge,R,1h 23m,"A brilliant geneticist, Diane Ladd, plans to expose a lethal virus to every human being on the planet. Her objective: to destroy humankind in favour of her new strain of prehistoric dinosaurs. Two people stand in the way of her diabolical plan, a cynical night watchman and a lovely idealistic environmentalist. The two must overcome their differences long enough to uncover the scientist's scheme and fight her carnivorous creations in a desperate battle against the extinction of the human race. â€”Concorde - New Horizons (with permission).",
79,Sorority Babes in the Slimeball Bowl-O-Rama 2,3.3,2022,Brinke Stevens,Sergei Hasenecz,Kent Roudebush,Kelli Maroney,Michelle Bauer,,1h 20m,"The babes are back. And so is everyone's favorite wish-grantin', murder-lovin' mischievous gremlin, the Imp. The Pi-Ep sorority house has seen better days, but the girls are intent on gaining some new recruits. With housemother Auntie Snake as their guide, the naughty hi-jinks and hilarity begin. Meanwhile, though, the Bowl-O-Rama bowling alley has had a break-in, and a breakout. With the escape of the magical and murderous Imp, it's a fight for survival, with only one mysterious girl holding the answers to the riddle of the Imp's wish.",
80,Devil Fish,2.8,1984,Lamberto Bava,Lamberto Bava,Gianfranco Clerici,Michael Sopkiw,Valentine Monnier,Not Rated,1h 34m,"Gruesome findings in the middle of the ocean and mysterious occurrences off the Florida Coast terrify the locals, forcing Sheriff Gordon and marine biologists, Dr Stella Dickens and Dr Bob Hogan, to investigate. More and more, as the news spreads like wildfire, the two scientists find evidence of a terrible underwater monstrosity that is devouring unsuspecting fishermen and swimmers alike, and that somehow, the West Ocean Institute has something to do with the rogue beast that roams the seabed. But, what kind of aquatic, man-eating terror stains the waters red? â€”Nick Riganas",
81,Rats: Night of Terror,4.7,1984,Bruno Mattei,Rossella Drudi,Claudio Fragasso,Ottaviano Dell'Acqua,Geretta Geretta,Unrated,1h 37m,"Two hundred and fifteen years after a nuclear war has devastated the planet, society has been reborn into two factions; the underground society and the scavangers above in the wastelands. A group of scavangers on bikes come across a town infested with flesh eating rats, and soon the gore is spilling everywhere. â€”Humberto Amador",
82,The Wizard of Gore,5.2,1970,Herschell Gordon Lewis,Allen Kahn,,Ray Sager,Judy Cler,Not Rated,1h 35m,"A magician performs a show where he selects a female volunteer and appears to put swords, drills, and such through them. They walk away and everyone applauds, then they show up somewhere else, dead of the same injuries they sustained in the magic show. Police are baffled and can't tie the murders to the magician. A man whose girlfriend is infatuated with the show begins to investigate on his own. â€”Ed Sutton <esutton@mindspring.com>",
83,The Epidemic,6,2024,Nigel Hartwell,Manton Harding,Nigel Hartwell,Eric Roberts,Chris Owen,,1h 35m,"After a meteor crashes into the Earth's crust causing extreme devastation, an unexplained plague decimates a town's population turning people into zombies. The town's few survivors seek refuge where they can make a final stand for survival.",
84,The Legend of the 7 Golden Vampires,5.8,1974,Roy Ward Baker,Don Houghton,Bram Stoker,Peter Cushing,David Da-Wei Chiang,R,1h 29m,"Count Dracula journeys to a remote Chinese village in the form of a monk to command six vampires who have lost the seventh member of their cult. At the same time, vampire hunter Professor Lawrence Van Helsing happens to be lecturing in the country and is persuaded by villagers to help them fight this curse of the ages. â€”Jeremy Perkins {J-26}",
85,The Crawlers,2.9,1990,Fabrizio Laurenti,Daniele Stroppa,Albert Lawrence,Mary Sellers,Jason Saucier,R,1h 31m,Evil nuclear power plant manager is dumping nuclear waste in a forest. People start getting killed. Drunken PhD in power plant starts tracking radiation in the forest. More people killed. Newspaper reporter and local boy and girl start investigating. Still more people killed. Townspeople try to remove nuclear waste. Yet more people killed. EPA cleans up the mess with bulldozers. â€”Ira Kroll <ira_kroll@Mac.lover.org>,
86,Monster on the Campus,5.8,1958,Jack Arnold,David Duncan,,Arthur Franz,Joanna Moore,Approved,1h 17m,"A college professor acquires a newly discovered specimen of a prehistoric fish. While examining the find he is accidentally exposed to it's blood, turning him into a murderous Neanderthal. â€”Jeremy Lunt <durlinlunt@acadia.net>",
87,Robert,3,2015,Andrew Jones,Andrew Jones,,Suzie Frances Garton,Lee Bane,Not Rated,1h 30m,"After Paul and Jenny part ways with their sinister housekeeper Agatha, the disgruntled former employee gives a vintage doll called Robert to their son Gene. Soon after Agatha's departure, strange events begin plaguing the household. Furniture is vandalized, objects are thrown around and maniacal giggles echo through the house in the middle of the night. But nobody believes Gene when he claims Robert is to blame for the disturbances. Paul and Jenny consider the possibility that a supernatural force has taken over their home. But as the occurrences escalate they discover that it's not the house that's haunted... it's the doll. â€”North Bank Entertainment",
88,Frightmare,4.6,1983,Norman Thaddeus Vane,Norman Thaddeus Vane,,Ferdy Mayne,Luca Bercovici,R,1h 26m,"Drama students decide to pay tribute to their favorite horror star by stealing his body from his crypt for a farewell party. They fail to realize their violation of the tomb has triggered powerful black magic, and Conrad hasn't taken his final bows yet. â€”Sister Grimm <srgrimm@teleport.com>",
89,Sharkula,2,2022,Mark Polonia,Mark Polonia,,James Kelly,Tim Hatch,,1h 11m,"The curse of Count Dracula lives on in shark infested waters, claiming the lives of a tourist community. A sea hunt for the new species results in monsters, madness and bloodshed. This great white is putting the bite back into terror, and it has help with the aid of new vampires intent on seeing it survive.",
90,Mutant,5.1,1984,John 'Bud' Cardos,Michael Jones,John C. Kruize,Wings Hauser,Bo Hopkins,R,1h 39m,"When two brothers, Josh and Mike, go to a small southern town for a vacation, they find most of the residents either dead or missing. When Mike himself goes missing, Josh teams up with the local sheriff and an attractive school teacher to find him until Josh discovers that the whole town and most of its people have been infected by a form of toxic waste, and they have all turned into toxic vampires whom prowl the streets at night for human blood! â€”Anonymous",
91,Bigfoot,2.5,2012,Bruce Davison,Brian Brinkman,Micho Rutare,Danny Bonaduce,Barry Williams,TV-14,1h 29m,Two former musicians face off in the hunt for the legendary mountain creature.,
92,Scary Movie,4.9,1991,Daniel Erickson,Daniel Erickson,David Lane Smith,John Hawkes,Suzanne Aldrich,Not Rated,1h 22m,"A paranoid teenage nerd comes to believe that an escaped lunatic may be hiding in the neighborhood Halloween house of horrors, and slowly starts to descend into madness.",
93,Cabin 28,3.3,2017,Andrew Jones,John Klyza,,Terri Dwyer,Derek Nelson,Not Rated,1h 23m,"Suspense and screams abound in this shocking true story based on the most infamous unsolved murder case in American history. On April 11th 1981, Sue Sharp and her family are enjoying their stay at Cabin 28 in the peaceful holiday resort of Keddie. But a day of fun at the remote getaway turns into a heart stopping nightmare as nightfall brings masked strangers to the Cabin. A brutal battle for survival leaves several members of the family dead and one missing. An extensive Police investigation follows but no one is convicted of the crime. Now, over thirty years later, Cabin 28 finally gives up its deadly secret. â€”North Bank Entertainment",
94,Birdemic 2: The Resurrection,1.5,2013,James Nguyen,James Nguyen,,Alan Bagh,Whitney Moore,Not Rated,1h 22m,"Following the events of Birdemic: Shock and Terror (2010), the sequel picks up where the first movie left off, and the birds and eagles are at it again. The attacks are greater this time, and there are even more threats around the corner: cavemen and zombies join the shock and terror in Birdemic 2. â€”Johnny",
95,Reptilicus,3.6,1961,Poul Bang,Sidney W. Pink,Ib Melchior,Bent Mejding,AsbjÃ¸rn Andersen,Approved,1h 22m,"A portion of the tail of a giant prehistoric reptile is discovered in Denmark. It regenerates into the entire reptile, which proceeds to both destroy buildings and property and generally make a nuisance of itself. It can fly, swim and walk and has impenetrable scales, which makes it difficult to kill. â€”Paul White <pwhite@bigfoot.com>",
96,Modern Vampires,4.6,1998,Richard Elfman,Matthew Bright,,Casper Van Dien,Natasha Gregson Wagner,R,1h 35m,"Count Dracula is in L.A., running a hideous club scene, and he's angry that a rogue vampire, posing as a streetwalker, is slashing. He's also unhappy that Dallas, a youthful undead and former protÃ©gÃ©, is in town. The rogue slasher, Nico, serendipitously picks Dallas as a victim; after discovering each other's nature, they become lovers. In fear of the Count, Dallas's coterie urges him to kill Nico, but he refuses. Meanwhile, a Viennese vampire hunter, Van Helsing, arrives in L.A. and hires the Crips to help him. They're soon following Nico and Dallas. When they capture her, Dallas wants to deal: spare Nico and he'll lead the hunters to Dracula. It's time for stake and bake. â€”<jhailey@hotmail.com>",
97,Night of the Ghouls,3.6,1959,Edward D. Wood Jr.,Edward D. Wood Jr.,,Kenne Duncan,Duke Moore,Approved,1h 9m,"Follow-up to Ed Wood's ""Plan 9 from Outer Space"" about the walking dead, It opens in a cemetery. Criswell, the ""real"" medium, rises from his coffin to tell us of ""monsters to be despised."" Dr. Acula (Kenne Duncan) is a phony medium aided by Valda Hansen, a bogus ghost, and big Tor Johnson, wearing rags and horrible scar makeup as Lobo. The doctor swindles people by pretending to contact dead relatives, but then accidentally succeeds in reviving a bunch of corpses that bury him alive! Sat unreleased for 23 years because Wood couldn't pay the lab bill! Followed by ""Sinister Urge"" in 1961 (Wood's last film). â€”alfiehitchie",
98,Hell's Trap,5.6,1989,Pedro Galindo III,Pedro Galindo III,Santiago Galindo,Pedro FernÃ¡ndez,Edith GonzÃ¡lez,Unrated,1h 30m,"Seven young people go to a desolated forest looking for a bear. What they don't know is that a crazy Vietnam vet lives there and he is waiting for fresh blood. Soon, they are killed by stomach and throat slashing, an axe in the neck, an explosion inside a car, etc - Who will survive? â€”screamdudes",
99,Prom Night IV: Deliver Us from Evil,4.1,1991,Clay Borris,Richard Beattie,,Nicole de Boer,J.H. Wyman,R,1h 32m,"Carrying on the Prom Night tradition, this film begins back at Hamilton High School on Prom Night in 1957. As a young couple are enjoying a romantic moment together in the back seat of a car, they are interrupted by Father Jonas, a priest who slashes and immolates the lovers. Thirty years later, Jonas gets loose from the chapel basement where the church fathers had been secretly keeping him locked up and drugged. As luck would have it, it's prom night again, and group of four students have unfortunately chosen Jonas's hideout as their secluded getaway spot. â€”Jean-Marc Rocher <rocher@fiberbit.net>",
